{
	"info": {
		"_postman_id": "33610ead-b663-41fc-ac4a-19c2ae543b7b",
		"name": "coin",
		"schema": "https://schema.getpostman.com/json/collection/v2.1.0/collection.json"
	},
	"item": [
		{
			"name": "transaction",
			"request": {
				"method": "POST",
				"header": [],
				"body": {
					"mode": "raw",
					"raw": "",
					"options": {
						"raw": {
							"language": "json"
						}
					}
				},
				"url": {
					"raw": "localhost:3000/transaction/-2",
					"host": [
						"localhost"
					],
					"port": "3000",
					"path": [
						"transaction",
						"-2"
					]
				}
			},
			"response": []
		},
		{
			"name": "find",
			"request": {
				"method": "POST",
				"header": [],
				"body": {
					"mode": "raw",
					"raw": "",
					"options": {
						"raw": {
							"language": "json"
						}
					}
				},
				"url": {
					"raw": "localhost:3000/find",
					"host": [
						"localhost"
					],
					"port": "3000",
					"path": [
						"find"
					]
				}
			},
			"response": []
		},
		{
			"name": "TransactionCheck",
			"request": {
				"method": "POST",
				"header": [],
				"body": {
					"mode": "raw",
					"raw": "",
					"options": {
						"raw": {
							"language": "json"
						}
					}
				},
				"url": {
					"raw": "localhost:3000/TransactionCheck/-0.9",
					"host": [
						"localhost"
					],
					"port": "3000",
					"path": [
						"TransactionCheck",
						"-0.9"
					]
				}
			},
			"response": []
		},
		{
			"name": "delete",
			"request": {
				"method": "POST",
				"header": [],
				"url": {
					"raw": "localhost:3000/delete",
					"host": [
						"localhost"
					],
					"port": "3000",
					"path": [
						"delete"
					]
				}
			},
			"response": []
		},
		{
			"name": "Login",
			"request": {
				"method": "POST",
				"header": [],
				"body": {
					"mode": "raw",
					"raw": "{\r\n    \"PhoneNumber\":\"9428893063\",\r\n    \"username\":\"admin\", \r\n    \"password\":\"admin\"\r\n}",
					"options": {
						"raw": {
							"language": "json"
						}
					}
				},
				"url": {
					"raw": "localhost:3000/login",
					"host": [
						"localhost"
					],
					"port": "3000",
					"path": [
						"login"
					]
				}
			},
			"response": []
		}
	]
}